use local_flixbus;

INSERT INTO bus (id, types, age, capacity, mileage, manufactur, vin)
VALUES
(1, 'Mercedes', 5, 50, 200000, 'Mercedes-Benz', 'ABC123XYZ'),
(2, 'Volvo', 3, 45, 150000, 'Volvo', 'DEF456XYZ'),
(3, 'Scania', 4, 55, 180000, 'Scania', 'GHI789XYZ'),
(4, 'MAN', 6, 60, 220000, 'MAN', 'JKL012XYZ'),
(5, 'Renault', 2, 40, 120000, 'Renault', 'MNO345XYZ'),
(6, 'Iveco', 7, 50, 240000, 'Iveco', 'PQR678XYZ'),
(7, 'Mercedes', 4, 55, 190000, 'Mercedes-Benz', 'STU901XYZ'),
(8, 'Volvo', 5, 45, 210000, 'Volvo', 'VWX234XYZ'),
(9, 'Scania', 3, 60, 200000, 'Scania', 'YZA567XYZ'),
(10, 'MAN', 8, 50, 250000, 'MAN', 'BCD890XYZ'),
(11, 'Renault', 6, 55, 170000, 'Renault', 'EFG123XYZ'),
(12, 'Iveco', 3, 45, 160000, 'Iveco', 'HIJ456XYZ'),
(13, 'Mercedes', 5, 60, 210000, 'Mercedes-Benz', 'KLM789XYZ'),
(14, 'Volvo', 4, 50, 180000, 'Volvo', 'NOP012XYZ'),
(15, 'Scania', 2, 55, 190000, 'Scania', 'QRS345XYZ');

INSERT INTO route (id, start_adress, end_adress, distance)
VALUES
(1, 'New York', 'Boston', 215),
(2, 'Chicago', 'Detroit', 280),
(3, 'San Francisco', 'Los Angeles', 380),
(4, 'Dallas', 'Houston', 240),
(5, 'Miami', 'Orlando', 230),
(6, 'Atlanta', 'Charleston', 130),
(7, 'Seattle', 'Portland', 180),
(8, 'Denver', 'Salt Lake City', 430),
(9, 'Phoenix', 'Tucson', 120),
(10, 'Las Vegas', 'Los Angeles', 270),
(11, 'San Diego', 'San Francisco', 500),
(12, 'Washington D.C.', 'Philadelphia', 140),
(13, 'Boston', 'New York', 215),
(14, 'Los Angeles', 'San Diego', 120),
(15, 'Houston', 'Dallas', 240);

INSERT INTO bus_routes (id, bus_id, route_id) VALUES
(1, 1, 1),
(2, 2, 2),
(3, 3, 3),
(4, 4, 4),
(5, 5, 5),
(6, 6, 6),
(7, 7, 7),
(8, 8, 8),
(9, 9, 9),
(10, 10, 10),
(11, 11, 11),
(12, 12, 12),
(13, 13, 13),
(14, 14, 14),
(15, 15, 15);

INSERT INTO driver (id, name, surname, numbers, experience_years, company) VALUES
(1, 'John', 'Doe', 123456789, 5, 'FlixBus'),
(2, 'Jane', 'Smith', 234567890, 6, 'FlixBus'),
(3, 'Michael', 'Johnson', 345678901, 4, 'FlixBus'),
(4, 'Emily', 'Davis', 456789012, 3, 'FlixBus'),
(5, 'Chris', 'Brown', 567890123, 7, 'FlixBus'),
(6, 'Anna', 'White', 678901234, 2, 'FlixBus'),
(7, 'David', 'Lee', 789012345, 10, 'FlixBus'),
(8, 'Sarah', 'Kim', 890123456, 6, 'FlixBus'),
(9, 'James', 'Wilson', 901234567, 8, 'FlixBus'),
(10, 'Patricia', 'Moore', 112233445, 5, 'FlixBus'),
(11, 'Robert', 'Taylor', 223344556, 7, 'FlixBus'),
(12, 'Linda', 'Anderson', 334455667, 4, 'FlixBus'),
(13, 'George', 'Thomas', 445566778, 3, 'FlixBus'),
(14, 'Maria', 'Jackson', 556677889, 2, 'FlixBus'),
(15, 'William', 'Harris', 667788990, 9, 'FlixBus');

INSERT INTO driver_routes (id, driver_id, route_id) VALUES
(1, 1, 1),
(2, 2, 2),
(3, 3, 3),
(4, 4, 4),
(5, 5, 5),
(6, 6, 6),
(7, 7, 7),
(8, 8, 8),
(9, 9, 9),
(10, 10, 10),
(11, 11, 11),
(12, 12, 12),
(13, 13, 13),
(14, 14, 14),
(15, 15, 15);

INSERT INTO drivers_buses (id, bus_id, driver_id) VALUES
(1, 1, 1),
(2, 2, 2),
(3, 3, 3),
(4, 4, 4),
(5, 5, 5),
(6, 6, 6),
(7, 7, 7),
(8, 8, 8),
(9, 9, 9),
(10, 10, 10),
(11, 11, 11),
(12, 12, 12),
(13, 13, 13),
(14, 14, 14),
(15, 15, 15);

INSERT INTO reviews (id, driver_id, rating, comment, created_at) VALUES
(1, 1, 5, 'Excellent driver', now()),
(2, 2, 4, 'Good driver', now()),
(3, 3, 3, 'Average driver', now()),
(4, 4, 2, 'Needs improvement', now()),
(5, 5, 5, 'Great driver', now()),
(6, 6, 4, 'Good service', now()),
(7, 7, 5, 'Fantastic experience', now()),
(8, 8, 3, 'Could be better', now()),
(9, 9, 4, 'Good journey', now()),
(10, 10, 5, 'Top-notch driving', now()),
(11, 11, 4, 'Professional driver', now()),
(12, 12, 2, 'Unsafe driving', now()),
(13, 13, 5, 'Smooth ride', now()),
(14, 14, 3, 'Comfortable but could improve', now()),
(15, 15, 4, 'Satisfactory experience', now());

INSERT INTO schedules (id, time_departure, arrival_time, driver_id, bus_id, route_id) VALUES
(1, 8.30, 12.00, 1, 1, 1),
(2, 9.00, 12.30, 2, 2, 2),
(3, 9.30, 13.00, 3, 3, 3),
(4, 10.00, 13.30, 4, 4, 4),
(5, 10.30, 14.00, 5, 5, 5),
(6, 11.00, 14.30, 6, 6, 6),
(7, 11.30, 15.00, 7, 7, 7),
(8, 12.00, 15.30, 8, 8, 8),
(9, 12.30, 16.00, 9, 9, 9),
(10, 13.00, 16.30, 10, 10, 10),
(11, 13.30, 17.00, 11, 11, 11),
(12, 14.00, 17.30, 12, 12, 12),
(13, 14.30, 18.00, 13, 13, 13),
(14, 15.00, 18.30, 14, 14, 14),
(15, 15.30, 19.00, 15, 15, 15);

INSERT INTO passenger (id, name, surname, numbers) VALUES
(1, 'Alice', 'Johnson', 123456789),
(2, 'Bob', 'Smith', 234567890),
(3, 'Charlie', 'Brown', 345678901),
(4, 'David', 'Wilson', 456789012),
(5, 'Eva', 'Taylor', 567890123),
(6, 'Frank', 'Anderson', 678901234),
(7, 'Grace', 'Moore', 789012345),
(8, 'Hank', 'Thomas', 890123456),
(9, 'Ivy', 'Jackson', 901234567),
(10, 'Jack', 'White', 112233445),
(11, 'Kathy', 'Lee', 223344556),
(12, 'Leo', 'Walker', 334455667),
(13, 'Mona', 'Harris', 445566778),
(14, 'Nathan', 'Clark', 556677889),
(15, 'Olivia', 'Lewis', 667788990);

INSERT INTO schedules (id, time_departure, arrival_time, driver_id, bus_id, route_id) VALUES
(1, 8.30, 12.00, 1, 1, 1),
(2, 9.00, 12.30, 2, 2, 2),
(3, 9.30, 13.00, 3, 3, 3),
(4, 10.00, 13.30, 4, 4, 4),
(5, 10.30, 14.00, 5, 5, 5),
(6, 11.00, 14.30, 6, 6, 6),
(7, 11.30, 15.00, 7, 7, 7),
(8, 12.00, 15.30, 8, 8, 8),
(9, 12.30, 16.00, 9, 9, 9),
(10, 13.00, 16.30, 10, 10, 10),
(11, 13.30, 17.00, 11, 11, 11),
(12, 14.00, 17.30, 12, 12, 12),
(13, 14.30, 18.00, 13, 13, 13),
(14, 15.00, 18.30, 14, 14, 14),
(15, 15.30, 19.00, 15, 15, 15);

INSERT INTO stops (id, stop_name, distance_from_prev, price_to_next, route_id) VALUES
(1, 'Stop 1', 0, 50, 1),
(2, 'Stop 2', 15, 45, 1),
(3, 'Stop 3', 30, 60, 1),
(4, 'Stop 4', 45, 55, 1),
(5, 'Stop 5', 60, 65, 1),
(6, 'Stop 6', 0, 70, 2),
(7, 'Stop 7', 20, 80, 2),
(8, 'Stop 8', 40, 90, 2),
(9, 'Stop 9', 60, 100, 2),
(10, 'Stop 10', 80, 110, 2),
(11, 'Stop 11', 0, 120, 3),
(12, 'Stop 12', 25, 130, 3),
(13, 'Stop 13', 50, 140, 3),
(14, 'Stop 14', 75, 150, 3),
(15, 'Stop 15', 100, 160, 3);
