INSERT INTO `driver` (id,name, surname, numbers, experience_years, company) VALUES
(1,'Іван', 'Коваленко', 1001, 10, 'FlixBus Inc.'),
(2,'Марія', 'Бондар', 1002, 5, 'FlixBus Inc.'),
(3,'Олексій', 'Сидоренко', 1003, 7, 'FlixBus Inc.'),
(4,'Світлана', 'Гнатюк', 1004, 3, 'FlixBus Inc.'),
(5,'Дмитро', 'Левченко', 1005, 8, 'FlixBus Inc.'),
(6,'Анна', 'Мельник', 1006, 6, 'FlixBus Inc.'),
(7,'Богдан', 'Ткаченко', 1007, 4, 'FlixBus Inc.'),
(8,'Віктор', 'Нікітін', 1008, 9, 'FlixBus Inc.'),
(9,'Ганна', 'Кравчук', 1009, 2, 'FlixBus Inc.'),
(10,'Данило', 'Петренко', 1010, 11, 'FlixBus Inc.');

INSERT INTO `bus` (id, types, age, capacity, mileage, manufactur, vin) VALUES
(1,'City Bus', 5, 50, 150000, 'Mercedes-Benz', 'VIN1234567890ABC'),
(2,'Intercity Bus', 3, 40, 90000, 'Volvo', 'VIN0987654321XYZ'),
(3,'Double Decker', 7, 80, 200000, 'MAN', 'VIN1122334455DEF'),
(4,'Minibus', 2, 20, 50000, 'Ford', 'VIN6677889900GHI'),
(5,'Electric Bus', 1, 60, 30000, 'BYD', 'VIN5544332211JKL'),
(6,'City Bus', 4, 55, 120000, 'Iveco', 'VIN2233445566MNO'),
(7,'Intercity Bus', 6, 45, 180000, 'Scania', 'VIN3344556677PQR'),
(8,'Double Decker', 5, 75, 160000, 'Neoplan', 'VIN4455667788STU'),
(9,'Minibus', 3, 25, 70000, 'Hyundai', 'VIN5566778899VWX'),
(10,'Electric Bus', 2, 65, 35000, 'Proterra', 'VIN6677889900YZA');

INSERT INTO `route` (id,start_adress, end_adress, distance) VALUES
(1,'Київ', 'Львів', 540),
(2,'Київ', 'Одеса', 480),
(3,'Львів', 'Харків', 770),
(4,'Одеса', 'Київ', 480),
(5,'Харків', 'Київ', 480),
(6,'Київ', 'Дніпро', 350),
(7,'Дніпро', 'Запоріжжя', 300),
(8,'Запоріжжя', 'Кривий Ріг', 150),
(9,'Кривий Ріг', 'Маріуполь', 200),
(10,'Маріуполь', 'Київ', 600),
(11,'Львів', 'Тернопіль', 220),
(12,'Тернопіль', 'Ужгород', 180),
(13,'Ужгород', 'Чернівці', 160),
(14,'Чернівці', 'Івано-Франківськ', 140),
(15,'Івано-Франківськ', 'Київ', 500);

INSERT INTO `stops` (id,stop_name, distance_from_prev, price_to_next, route_id) VALUES
(1,'Київ Центральний', 0, 50, 1),
(2,'Рівне', 270, 30, 1),
(3,'Львів', 270, 0, 1),
(4,'Київ Центральний', 0, 60, 2),
(5,'Вінниця', 240, 30, 2),
(6,'Одеса Центральний', 240, 0, 2),

(7,'Львів', 0, 70, 3),
(8,'Ужгород', 385, 40, 3),
(9,'Харків', 385, 0, 3),

(10,'Одеса Центральний', 0, 60, 4),
(11,'Кропивницький', 240, 30, 4),
(12,'Київ Центральний', 240, 0, 4),

(13,'Харків', 0, 60, 5),
(14,'Полтава', 240, 30, 5),
(15,'Київ Центральний', 240, 0, 5),

(16,'Київ Центральний', 0, 35, 6),
(17,'Дніпро', 350, 0, 6),

(18,'Дніпро', 0, 20, 7),
(19,'Запоріжжя', 300, 0, 7),

(20,'Запоріжжя', 0, 15, 8),
(21,'Кривий Ріг', 150, 0, 8),

(22,'Кривий Ріг', 0, 25, 9),
(23,'Маріуполь', 200, 0, 9),

(24,'Маріуполь', 0, 60, 10),
(25,'Київ Центральний', 600, 0, 10),

(26,'Львів', 0, 20, 11),
(27,'Тернопіль', 220, 0, 11),

(28,'Тернопіль', 0, 18, 12),
(29,'Ужгород', 180, 0, 12),

(30,'Ужгород', 0, 16, 13),
(31,'Чернівці', 160, 0, 13),

(32,'Чернівці', 0, 14, 14),
(33,'Івано-Франківськ', 140, 0, 14),

(34,'Івано-Франківськ', 0, 0, 15),
(35, 'Київ Центральний', 500, 0, 15);

INSERT INTO `passenger` (id,name, surname, numbers) VALUES
(1,'Анна', 'Мельник', 2001),
(2,'Богдан', 'Ткаченко', 2002),
(3,'Віктор', 'Нікітін', 2003),
(4,'Ганна', 'Кравчук', 2004),
(5,'Данило', 'Петренко', 2005),
(6,'Ірина', 'Шевченко', 2006),
(7,'Юрій', 'Гриценко', 2007),
(8,'Олена', 'Бойко', 2008),
(9,'Максим', 'Стеценко', 2009),
(10, 'Наталя', 'Кузьменко', 2010);

INSERT INTO `tickets` (id,price, passenger_id, route_id) VALUES
(1,300, 1, 1),
(2,350, 2, 2),
(3,400, 3, 3),
(4,300, 4, 4),
(5,350, 5, 5),
(6,320, 6, 6),
(7,310, 7, 7),
(8,330, 8, 8),
(9,340, 9, 9),
(10,360, 10, 10),
(11,200, 1, 11),
(12,220, 2, 12),
(13,240, 3, 13),
(14,260, 4, 14),
(15,280, 5, 15);

INSERT INTO `drivers_buses` (id,bus_id, driver_id) VALUES
(1, 1, 1),
(2, 2, 2),
(3, 3, 3),
(4, 4, 4),
(5, 5, 5),
(6, 6, 6),
(7, 7, 7),
(8, 8, 8),
(9, 9, 9),
(10, 10, 10);

INSERT INTO `bus_routes` (id,bus_id, route_id) VALUES
(1, 1, 1),
(2, 2, 2),
(3, 3, 3),
(4, 4, 4),
(5, 5, 5),
(6, 6, 6),
(7, 7, 7),
(8, 8, 8),
(9, 9, 9),
(10, 10, 10),
(11, 1, 11),
(12, 2, 12),
(13,3, 13),
(14, 4, 14),
(15, 5, 15);

INSERT INTO `driver_routes` (id,driver_id, route_id) VALUES
(1, 1, 1),
(2, 2, 2),
(3, 3, 3),
(4, 4, 4),
(5, 5, 5),
(6, 6, 6),
(7, 7, 7),
(8, 8, 8),
(9, 9, 9),
(10, 10, 10),
(11, 1, 11),
(12, 2, 12),
(13, 3, 13),
(14, 4, 14),
(15, 5, 15);


INSERT INTO `schedules` (id,time_departure, arrival_time, driver_id, bus_id, route_id) VALUES
(1, '08.00', '14.00', 1, 1, 1),
(2, '09.30', '15.30', 2, 2, 2),
(3, '10.15', '18.45', 3, 3, 3),
(4, '12.00', '18.00', 4, 4, 4),
(5, '14.30', '20.30', 5, 5, 5),
(6, '07.45', '13.45', 6, 6, 6),
(7, '11.00', '17.00', 7, 7, 7),
(8, '13.30', '19.30', 8, 8, 8),
(9, '15.15', '21.15', 9, 9, 9),
(10, '16.45', '22.45', 10, 10, 10),
(11, '06.30', '12.30', 1, 1, 11),
(12, '08.15', '14.15', 2, 2, 12),
(13, '09.00', '15.00', 3, 3, 13),
(14, '10.45', '16.45', 4, 4, 14),
(15, '12.30', '18.30', 5, 5, 15);

